external_id,game,set_code,collector_number,name,condition,printing,language,quantity,cost,date_acquired,comment
f0a9c72a-e450-41e3-80e5-06f2f1171245,mtg,KHM,184,Masked Vandal,NM,normal,en,1,0.0946,2026-06-20,airtable:Masked Vandal
d82bfc55-8ebd-4a0f-b301-027b76416f7d,mtg,CLB,492,Agent of the Iron Throne,NM,foil,en,1,0.0946,2026-06-20,airtable:Agent of the Iron Throne
b1b55a58-6317-4406-93a7-373f05ebdb45,mtg,C21,385,Surge to Victory,LP,normal,en,1,0.0946,2026-06-20,airtable:Surge to Victory
08e17883-0767-40b5-ac44-a52a1ea54993,mtg,MRD,187,Iron Myr,LP,normal,en,1,0.0946,2026-06-20,airtable:Iron Myr
bd3071c4-6269-4c6b-9324-3d2284ec616d,mtg,C21,195,Incubation Druid,NM,normal,en,1,0.0946,2026-06-20,airtable:Incubation Druid
b79cb394-eb91-4b3b-91d4-c6a0f723feb1,mtg,C14,270,Sol Ring,MP,normal,en,1,0.0946,2026-06-20,airtable:Sol Ring
712c8708-cd43-4f1e-b520-ef90cf2ba72d,mtg,CMR,648,Fleshbag Marauder,LP,normal,en,1,0.0946,2026-06-20,airtable:Fleshbag Marauder Extended Art
dbd78b03-312b-4bbf-a4f6-d5095545a11b,mtg,DDU,65,Darksteel Citadel,LP,normal,en,1,0.0946,2026-06-20,airtable:Darksteel Citadel
8ee63809-729b-48b1-a06d-3edc2a26208f,mtg,WOT,63,Utopia Sprawl,LP,foil,en,1,0.0946,2026-06-20,airtable:Wilds of Eldraine: Enchanting Tales
d4323aa6-a1fb-42ee-9634-3747129fde3b,mtg,TSP,99,Curse of the Cabal,LP,normal,en,1,0.0946,2026-06-20,airtable:Curse of Cabal
c9b1d4d8-7df9-41e0-b2d9-dbca9c9f6994,mtg,CMM,4,Pathrazer of Ulamog,LP,normal,en,1,0.0946,2026-06-20,airtable:Pathrazer of Ulamog
490d714e-1ccb-4ad0-9854-f14da2e90f7c,mtg,9ED,2,Angelic Blessing,LP,normal,en,1,0.0946,2026-06-20,airtable:Blessing
4535a44d-9a36-4079-9250-583a27989b07,mtg,LTR,658,Gandalf the Grey,LP,normal,en,1,0.0946,2026-06-20,airtable:Gandalf the Grey Showcase Scrolls
dc143ba3-2a58-4980-9fa0-a05a9e9ed082,mtg,CMM,98,Ghostly Flicker,LP,normal,en,1,0.0946,2026-06-20,airtable:Ghostly Flicker
97da6607-9131-4f8b-8af3-63439a59b78b,mtg,DOM,72,Unwind,LP,normal,en,1,0.0946,2026-06-20,airtable:Unwind
0a70778e-8171-4d97-b86c-d4d92b7e7f06,mtg,TMP,121,Dauthi Ghoul,LP,normal,en,3,0.0946,2026-06-20,airtable:Dauthi Ghoul
36b05c98-7799-4104-a0d0-3632bd5b8846,mtg,STX,382,Decisive Denial,LP,foil,en,1,0.0946,2026-06-20,airtable:Decisive Denial
e85e54f3-012b-460f-a6f9-d0242a174adc,mtg,CHR,74,Chromium,MP,normal,en,1,0.0946,2026-06-20,airtable:Chromium
5b94f37f-ebdf-4b79-a615-58331d27cf4e,mtg,ALL,89,Elvish Spirit Guide,MP,normal,en,1,0.0946,2026-06-20,airtable:Elvish Spirit Guide
2a7c6489-21e9-4b86-a54a-b1e2f1fce318,mtg,ICE,270,Tinder Wall,LP,normal,en,1,0.0946,2026-06-20,airtable:Tinder Wall
5d45c18c-b8eb-465c-8dfc-fd6da73e25b5,mtg,CLB,116,Blood Money,LP,normal,en,1,0.0946,2026-06-20,airtable:Blood Money
8cff3ef0-4dfb-472e-aa1e-77613dd0f6d8,mtg,KHM,262,Ice Tunnel,MP,foil,en,1,0.0946,2026-06-20,airtable:Ice Tunnel
9e6c7750-bc3b-4790-bc9d-88e2cf16881e,mtg,MIR,111,Carrion,LP,normal,en,1,0.0946,2026-06-20,airtable:Carrion
145d6d7b-1e87-47b7-baf3-d201458ad996,mtg,M13,87,Diabolic Revelation,MP,normal,en,1,0.0946,2026-06-20,airtable:Diabolic Reveloation
829710f9-6554-4391-bdb1-2ccdefc2caf5,mtg,CMR,389,Unquestioned Authority,NM,normal,en,1,0.0946,2026-06-20,airtable:Unquestioned Authority
babd2248-5517-4b7b-a159-9a1f7b5583c8,mtg,DMR,54,High Tide,LP,normal,en,1,0.0946,2026-06-20,airtable:High Tide
842df5a8-c3d9-4d35-b90d-93f502603feb,mtg,MIC,58,"Gorex, the Tombshell",NM,normal,en,1,0.0946,2026-06-20,"airtable:Gorex, the Tombshell Extended Art"
e781b55f-6388-4ab8-be74-7c56eaba1c4d,mtg,OTC,183,Vandalblast,LP,normal,en,1,0.0946,2026-06-20,airtable:Vandalblast
30584c53-533b-4dc7-b07c-8600164a99b3,mtg,FIC,1,"Celes, Rune Knight",NM,normal,en,1,0.0946,2026-06-20,"airtable:Celes, Rune Knight"
49dfee68-c242-4579-94b1-c23238f8c87d,mtg,40K,86,Aberrant,NM,normal,en,1,0.0946,2026-06-20,airtable:Aberrant
d4800a7d-c229-4ced-97ff-0e58645d58d6,mtg,2XM,100,Oubliette,NM,normal,en,1,0.0946,2026-06-20,airtable:Oubliette
d896dd52-b134-4b55-ab91-ccb05ecc50f4,mtg,LCI,105,Fanatical Offering,LP,normal,en,1,0.0946,2026-06-20,airtable:Fanatical Offering
2523c403-0025-48c7-8ff1-e66ca27ee585,mtg,UDS,102,Compost,LP,normal,en,1,0.0946,2026-06-20,airtable:Compost
413bec4e-e2ce-46f1-b038-6e359cd78b53,mtg,CN2,44,Marchesa's Decree,LP,normal,en,1,0.0946,2026-06-20,airtable:Marchesa's Decree
309ff3bf-acd3-4bea-b518-6e25f6cfce61,mtg,KHM,272,Tyrite Sanctum,LP,normal,en,1,0.0946,2026-06-20,airtable:Tyrite Sanctum
d9e1959c-b87b-4e17-a0d2-0489ea79220b,mtg,TMP,153,Sadistic Glee,LP,normal,en,1,0.0946,2026-06-20,airtable:Sadistic Glee
1a8c02ab-6348-4b04-8ce0-b36309a14a5e,mtg,CMM,26,Generous Gift,HP,foil,en,1,0.0946,2026-06-20,airtable:Generous Gift
8d10db7e-e680-496a-8845-3bdfb176a989,mtg,THP3,7a,Spear of the General,MP,normal,en,2,0.0946,2026-06-20,airtable:Spear of the General
c5bda1a7-537f-4a80-95a0-c45eb127969b,mtg,MKC,205,Deflecting Palm,NM,normal,en,1,0.0946,2026-06-20,airtable:Deflecting Palm
175d5a88-2597-4e85-aed6-7a65c0595fb4,mtg,TSP,131,Smallpox,LP,normal,en,1,0.0946,2026-06-20,airtable:Smallpox
neo3-17,pokemon,neo3,17,Entei,NM,reverse_holo,en,1,28.3762,2026-06-23,[CHECK] best-guess set match (score 0.20: 'Neo Premium File 2' -> 'Neo Revelation') | airtable:Entei
03919c86-1c4a-43b0-a2db-54ca6ae1ac57,mtg,THB,121,Underworld Dreams,LP,normal,en,1,0.0946,2026-06-20,airtable:Underworld Dreams
04e97dbe-39e1-4bf7-815a-839048463682,mtg,3ED,35,Reverse Damage,MP,normal,en,1,0.0946,2026-06-20,airtable:Reverse Damage
8c282dac-a665-4b8d-ad26-67e25f6ef6a5,mtg,AFC,295,Hellish Rebuke,LP,normal,en,1,0.0946,2026-06-20,airtable:Hellish Rebuke
94168,pokemon,PHF,35/119,M Gengar EX,NM,holo,en,1,156.0,2026-05-13,airtable:M Gengar EX
639bdbb5-8c2d-439d-bcea-dc54da9686ea,mtg,SOI,61,Essence Flux,MP,normal,en,1,0.0946,2026-06-20,airtable:Essence Flux
c9dbfc7c-164d-47b8-8f05-987864fca89b,mtg,MIR,125,Forsaken Wastes,LP,normal,en,1,0.0946,2026-06-20,airtable:Forsaken Wastes
7ad684fb-cfb0-48b2-802f-bda96afafdc3,mtg,BRC,189,Mistvault Bridge,NM,normal,en,2,0.0946,2026-06-20,airtable:Mistvault Bridge Retro Frame
2f8638df-7915-4867-882a-95439486bd7b,mtg,ALL,56,Misinformation,LP,normal,en,1,0.0946,2026-06-20,airtable:Misinformation
83b58eef-869d-487d-a765-bfb1891d7317,mtg,BRC,188,Izzet Boilerworks,LP,normal,en,1,0.0946,2026-06-20,airtable:Izzet Boilerworks Retro Frame
72c11164-e98c-4f09-9840-825bd1f91247,mtg,DMU,380,Shivan Reef,MP,normal,en,1,0.0946,2026-06-20,airtable:Shivan Reef Borderless
1a3e095a-7056-4df3-bf7d-9c217d591446,mtg,ICE,321,Ice Cauldron,MP,normal,en,2,0.0946,2026-06-20,airtable:Ice Cauldron
342dcdde-e4cc-4a49-a818-9283002aba1a,mtg,GPT,163,"Skarrg, the Rage Pits",LP,normal,en,1,0.0946,2026-06-20,"airtable:Skarrg, the Rage Pits"
478103,pokemon,CRZ,160/159,Pikachu (Secret),NM,holo,en,1,15.2576,2024-12-06,airtable:Pikachu Secret
base3-5,pokemon,base3,5,Gengar,MP,holo,en,1,28.3762,2026-06-23,airtable:Gengar
8072d00a-82ff-4406-bdf8-1af20cd3a170,mtg,4ED,50,Serra Angel,MP,normal,en,1,0.0946,2026-06-20,airtable:Serra Angel
610360,pokemon,PRE,005/131,Leafeon,NM,holo,en,1,22.5094,2026-05-27,airtable:Leafeon Master Ball Pattern
752bf493-5839-47e8-95f2-6d8201907428,mtg,DMR,235,Tormod's Crypt,LP,normal,en,1,0.0946,2026-06-20,airtable:Tormod's Crypt
ce00bb19-983e-427d-be54-ae6daf0ccdde,mtg,ICE,327,Lapis Lazuli Talisman,LP,normal,en,1,0.0946,2026-06-20,airtable:Lapis Lazuli Talisman
794d09ae-a995-482f-848e-7f99477bd6f3,mtg,TSR,98,Walk the Aeons,HP,normal,en,1,0.0946,2026-06-20,airtable:Walk the Aeons
867b1839-1632-45e1-99fa-a85e65003414,mtg,MB2,132,Relentless Assault,LP,normal,en,1,0.0946,2026-06-20,airtable:Relentless Assault
1fedc183-2d95-471c-ba78-2169e4df13f8,mtg,C18,278,Seat of the Synod,LP,normal,en,1,0.0946,2026-06-20,airtable:Seat of the Synod
12fede45-8c95-45eb-915c-c3ee5101dfcc,mtg,LCI,304,"Kutzil, Malamet Exemplar",NM,normal,en,1,0.0946,2026-06-20,"airtable:Kutzil, Malamet Exemplar Showcase"
ca8a5c90-7581-47fa-b941-0709a9e2a756,mtg,UGIN,88,Ruthless Ripper,LP,normal,en,1,0.0946,2026-06-20,airtable:Ruthless Ripper
88a2d7f8-0055-4d53-8e1e-9810d384cdb8,mtg,LTR,405,"The Balrog, Durin's Bane",LP,normal,en,1,0.0946,2026-06-20,"airtable:The Balrog, Durin's Bane"
c344b885-68c6-43d2-b6c1-6c89b3c94983,mtg,TSR,169,Haze of Rage,LP,normal,en,1,0.0946,2026-06-20,airtable:Haze of Rage
d79ca40a-e5c0-4956-8df0-ecbd2a25656f,mtg,DFT,87,"Gonti, Night Minister",LP,normal,en,1,0.0946,2026-06-20,"airtable:Gonti, Night Minister"
20c75373-7db4-4964-8e09-2badce2f0f84,mtg,FIN,363,"Jecht, Reluctant Guardian // Braska's Final Aeon",NM,foil,en,1,0.0946,2026-06-20,"airtable:Jecht, Reluctant Guardian // Braska's Final Aeon Borderless"
82e4675f-ebec-483f-a111-b505629760fd,mtg,TOR,89,Zombie Trailblazer,HP,normal,en,1,0.0946,2026-06-20,airtable:Zombie Trailblazer
ccc5cb36-c43d-4c71-8019-9b683e160a0a,mtg,ICE,45,Order of the Sacred Torch,MP,normal,en,2,0.0946,2026-06-20,airtable:Order of the Sacred Torch
126566,pokemon,PR,XY171,M Salamence EX,LP,holo,en,1,33.79,2026-05-26,airtable:M Salamence EX
061df0a2-1967-4ddd-84e3-3ecf3af98f6b,mtg,MM3,17,Path to Exile,LP,normal,en,1,0.0946,2026-06-20,airtable:Path to Exile
94633,pokemon,PHF,65/119,Aegislash EX,NM,holo,en,1,3.074,2025-11-23,airtable:Aegislash EX
f9a32f17-49c4-4654-a087-1ba474f37377,mtg,CM2,217,Sol Ring,LP,normal,en,1,0.0946,2026-06-20,airtable:Sol Ring
d022b7d7-e9f5-4f58-8010-331baaa4e3c4,mtg,C17,16,Curse of Disturbance,LP,normal,en,1,0.0946,2026-06-20,airtable:Curse of Disturbance
e315c1c2-436e-48ff-9214-938697178393,mtg,TMP,161,Ancient Runes,LP,normal,en,1,0.0946,2026-06-20,airtable:Ancient Runes
dda6b4d0-1b60-46b0-b321-b9ffe15afff4,mtg,FIN,200,Sazh's Chocobo,NM,normal,en,1,0.0946,2026-06-20,airtable:Sazh's Chocobo
a7aed564-2d2d-42c4-bf11-812bc1a0284c,mtg,OTC,85,Path to Exile,NM,normal,en,1,0.0946,2026-06-20,airtable:Path to Exile
d14d5ff3-40c0-4f22-91ad-d6c8447cb9e0,mtg,DMR,281,Counterspell,LP,normal,en,2,0.0946,2026-06-20,airtable:Counterspell Retro Frame
16b06b17-f256-428f-9bed-f115af270f27,mtg,NEC,28,Rampant Rejuvenator,LP,normal,en,1,0.0946,2026-06-20,airtable:Rampant Rejuvenator
952c021f-74c9-455f-9cd9-f0d354e8bea8,mtg,ONS,168,Shepherd of Rot,MP,normal,en,1,0.0946,2026-06-20,airtable:Shepherd of Rot
,yugioh,,GFP2-EN183,Eye of Timaeus,NM,normal,en,1,16.165,2025-01-05,[UNMATCHED] no catalog match | airtable:Eye of Timaeus
,yugioh,,GFP2-EN183,Eye of Timaeus,NM,normal,en,1,16.165,2025-01-01,[UNMATCHED] no catalog match | airtable:Eye of Timaeus
4816d092-e34b-4397-8599-43d8e85a8f39,mtg,DTK,225,Narset Transcendent,LP,normal,en,1,0.0946,2026-06-20,airtable:Narset Transcendent
1fb98f0e-5fa0-497e-9061-85cf0b3a3eff,mtg,10E,135,Diabolic Tutor,LP,normal,en,1,0.0946,2026-06-20,airtable:Diabolic Tutor
ff8086cd-b868-4f4e-823e-2635ad7ebc07,mtg,KLD,110,"Chandra, Torch of Defiance",NM,normal,en,1,0.0946,2026-06-20,"airtable:Chandra, Torch of Defiance"
906b6e99-128f-4c11-8daf-16099d35b0d4,mtg,GRN,152,Assassin's Trophy,DMG,normal,en,2,0.0946,2026-06-20,airtable:Assassin's Trophy
036f387a-8dee-482e-b3e3-cf79b54c61e1,mtg,INR,97,Blood Artist,NM,normal,en,1,0.0946,2026-06-20,airtable:Blood Artist
a680cc6d-9c31-4f5d-808f-dace92bf4346,mtg,C19,59,Sanctum of Eternity,NM,normal,en,1,0.0946,2026-06-20,airtable:Sanctum of Eternity
a375ec24-4841-4792-ad58-f29cdf0d1bbb,mtg,ALL,26,Diminishing Returns,MP,normal,en,1,0.0946,2026-06-20,airtable:Soldevi Adnate (Woman)
55a5ea68-b77d-4fe0-a277-b20d55bc78a6,mtg,THB,352,Arasta of the Endless Web,LP,foil,en,2,0.0946,2026-06-20,airtable:Arasta of the Endless Web
40451f7a-692a-422d-99d3-d93a4d9315e0,mtg,FEM,37,Ebon Praetor,LP,normal,en,1,0.0946,2026-06-20,airtable:Ebon Praetor
359b189d-aa51-4e90-820a-e79884562e34,mtg,BFZ,247,Smoldering Marsh,MP,foil,en,1,0.0946,2026-06-20,airtable:Smoldering Marsh
52884e67-c742-4799-9afd-55bc70b2cf40,mtg,LTR,72,Storm of Saruman,HP,normal,en,1,0.0946,2026-06-20,airtable:Storm of Saruman
ff7e30c8-b3fc-430f-ac63-d376d9e47a8d,mtg,ELD,370,The Great Henge,NM,normal,en,1,0.0946,2026-06-20,airtable:The Great Henge Extended Art
base5-9,pokemon,base5,9,Dark Hypno,LP,holo,en,1,28.3762,2026-06-23,airtable:Dark Hypno
c28aea19-2a39-4934-afda-909e234fa3ba,mtg,DIS,174,Hallowed Fountain,LP,foil,en,1,0.0946,2026-06-20,airtable:Hallowed Fountain
8ff06c7d-5e78-4bcf-864b-34487f6555b2,mtg,EXO,74,Slaughter,LP,normal,en,1,0.0946,2026-06-20,airtable:Slaughter
8b2651b0-1ab2-4d7e-834f-7505797da474,mtg,ALL,60a,Soldevi Adnate,MP,normal,en,1,0.0946,2026-06-20,airtable:Soldevi Adnate
39d1578f-e2cf-4b93-8204-ed5434feb183,mtg,SNC,102,Big Score,LP,foil,en,1,0.0946,2026-06-20,airtable:Big Score
64d9367c-f50c-4568-aa63-6760c44ecaeb,mtg,TDM,67,Winternight Stories,LP,normal,en,1,0.0946,2026-06-20,airtable:Winternight Stories
3a99d9bc-da4e-488b-bc4a-90594c072b66,mtg,FDN,467,Rite of the Dragoncaller,LP,normal,en,1,0.0946,2026-06-20,airtable:Rite of the Dragoncaller
3ab166c9-af3e-4e65-88ed-9766b046c95b,mtg,5DN,24,Beacon of Tomorrows,HP,normal,en,1,0.0946,2026-06-20,airtable:Beacon of Tomorrows
cefac283-8491-4d11-9a40-0e90cbeac19f,mtg,DTK,136,Dragon Tempest,LP,normal,en,1,0.0946,2026-06-20,airtable:Dragon Tempest
f07c7dc0-f454-4970-9fa1-a3c8cbcfd564,mtg,C14,290,Darksteel Citadel,LP,normal,en,1,0.0946,2026-06-20,airtable:Darksteel Citadel
157769,pokemon,SM05,153/156,Lusamine (Full Art),NM,holo,en,1,96.4,2026-06-13,airtable:Lusamine Full Art
0bec6181-e214-4833-8c2f-8a10d59b2879,mtg,CMR,349,Command Beacon,NM,normal,en,1,0.0946,2026-06-20,airtable:Command Beacon
b1914459-b29f-45c3-8def-39d1790a31c3,mtg,ONC,130,Fellwar Stone,LP,normal,en,1,0.0946,2026-06-20,airtable:Fellwar Stone
b6cb2549-e485-44d6-9d65-7605c568909e,mtg,ULG,72,Unearth,LP,normal,en,1,0.0946,2026-06-20,airtable:Unearth
d61ecc3f-8c76-43e6-8f16-4863b2ea25fb,mtg,C18,241,Darksteel Citadel,LP,normal,en,1,0.0946,2026-06-20,airtable:Darksteel Citadel
base4-9,pokemon,base4,9,Magneton,LP,holo,en,1,28.3762,2026-06-23,airtable:Magneton
ff824392-fb5c-496c-be2f-6dfa6e04e3a2,mtg,RNA,207,Simic Ascendancy,LP,normal,en,1,0.0946,2026-06-20,airtable:Simic Ascendancy
7d839f21-68c7-47db-8407-ff3e2c3e13b4,mtg,DMR,31,Swords to Plowshares,LP,normal,en,1,0.0946,2026-06-20,airtable:Swords to Plowshares
57817159-de10-4a68-83e1-971fa9cfee2c,mtg,ODY,182,Chance Encounter,NM,normal,en,1,0.0946,2026-06-20,airtable:Chance Encounter
2c531254-1b12-44d8-a942-e767d516364e,mtg,TDC,391,Shattered Sanctum,LP,normal,en,1,0.0946,2026-06-20,airtable:Shattered Sanctum
1dfd9cb9-51f6-4d09-b5c0-5b0ed9d16542,mtg,TMP,68,Insight,MP,normal,en,1,0.0946,2026-06-20,airtable:Insight
19d6834d-afa3-4747-a62d-0654f4d9729f,mtg,LCI,63,"Malcolm, Alluring Scoundrel",LP,normal,en,1,0.1892,2026-06-20,"airtable:Malcolm, Alluring Scoundrel"
299f81b5-20eb-465b-bd36-2acd80a4f37c,mtg,BLC,200,Rain of Riches,LP,normal,en,1,0.0946,2026-06-20,airtable:Rain of Riches
e4ad338e-88ee-4919-aec4-320071a7cfb5,mtg,ACR,37,Overpowering Attack,LP,normal,en,1,0.0946,2026-06-20,airtable:Overpowering Attack
f482fe5c-1ff5-46f8-befa-b84deaa29f45,mtg,BRC,211,Vault of Whispers,LP,normal,en,1,0.0946,2026-06-20,airtable:Vault of Whispers Retro Frame
abcf3694-d6b0-459d-8c3a-1532237b487a,mtg,ARB,83,Tainted Sigil,HP,normal,en,1,0.0946,2026-06-20,airtable:Tainted Sigil
930c8444-ccce-411e-bc4f-e5abca749608,mtg,M12,35,Spirit Mantle,LP,normal,en,1,0.0946,2026-06-20,airtable:Spirit Mantle
3fa5e806-3cf2-4241-b45d-a05d2b715efd,mtg,VIS,40,Prosperity,MP,normal,en,1,0.0946,2026-06-20,airtable:Prosperity
f394fd39-842f-4c98-b857-bdad3fd09758,mtg,GPT,51,Hissing Miasma,LP,normal,en,1,0.0946,2026-06-20,airtable:Hissing Miasma
f05f5d93-50d1-4aa6-af05-383a6808345b,mtg,NEM,58,Massacre,LP,normal,en,1,0.0946,2026-06-20,airtable:Massacre
98138,pokemon,ROS,102/108,M Latios EX (102 Full Art),NM,holo,en,1,64.19,2026-06-10,airtable:M Latios EX Full Art
a01096b1-a026-4dfd-bea2-de9ecb686ffa,mtg,PLST,CLB-353,Gond Gate,LP,normal,en,1,0.0946,2026-06-20,airtable:Gond Gate
bca2c333-405f-4c1b-a02a-f1fadb3e1d29,mtg,STH,75,Wall of Souls,MP,normal,en,2,0.0946,2026-06-20,airtable:Wall of Souls
2f053406-d2e4-4443-81f1-025e3b27c65a,mtg,VOC,157,Stromkirk Captain,NM,normal,en,1,0.0946,2026-06-20,airtable:Stromkirk Captain
b24b733e-f98a-4ae1-9e54-eb416dea7cf6,mtg,FCA,13,"Godo, Bandit Warlord",LP,normal,en,1,0.0946,2026-06-20,"airtable:Gilgamesh, Weapon Collector - Godo, Bandit Warlord"
0841423d-7a27-4bc5-9ac2-0ba47648c6f1,mtg,STH,35,Leap,LP,normal,en,1,0.0946,2026-06-20,airtable:Leap
b358328b-53f2-45ba-a5f2-d0a666241d53,mtg,H1R,15,Undead Augur,LP,normal,en,1,0.0946,2026-06-20,airtable:Undead Augur Retro Frame
3765610d-a0c1-4de9-a81b-ffa3eb06454b,mtg,BRO,14,Loran's Escape,LP,normal,en,1,0.0946,2026-06-20,airtable:Loran's Escape
bbc87a27-93d9-4ce0-a022-0309242c1e89,mtg,KLD,227,Perpetual Timepiece,LP,normal,en,1,0.0946,2026-06-20,airtable:Perpetual Timepiece
124123,pokemon,EVO,110/108,Flying Pikachu,NM,normal,en,1,28.3762,2026-06-23,airtable:Flying Pikachu
base3-2,pokemon,base3,2,Articuno,LP,holo,en,1,28.3762,2026-06-23,airtable:Articuno
b654514f-b1a0-4d96-8d05-55e2cf386518,mtg,UNF,193,Strength-Testing Hammer,MP,foil,en,1,0.0946,2026-06-20,airtable:Strength-Testing Hammer
adffb389-c9a3-41c4-b078-292a2bcf870d,mtg,LTR,201,"Éowyn, Fearless Knight",LP,normal,en,1,0.0946,2026-06-20,"airtable:Eowyn, Fearless Knight"
394f432d-e59f-44ce-a166-1a939a648cbd,mtg,CLB,475,Inspiring Leader,LP,foil,en,1,0.0946,2026-06-20,airtable:Inspiring Leader
435589bb-27c6-4a6d-9d63-394d5092b9d8,mtg,M10,146,Lightning Bolt,LP,normal,en,4,0.0946,2026-06-20,airtable:Lightning Bolt
390d2c8e-d53f-4590-9a9c-9faad5824ea3,mtg,BRC,195,Razortide Bridge,LP,normal,en,1,0.0946,2026-06-20,airtable:Razortide Bridge Retro Frame
f13406c6-f208-402a-94d3-a94a24f03563,mtg,DMR,66,Snap,LP,normal,en,2,0.0946,2026-06-20,airtable:Snap
5c3a6ce7-1ec7-414f-b6bb-cc604c6d529c,mtg,MOC,198,Path to Exile,LP,normal,en,1,0.0946,2026-06-20,airtable:Path to Exile
89903d5e-241f-477e-a336-2abe0232c04a,mtg,CMR,155,"Tormod, the Desecrator",NM,normal,en,1,0.0946,2026-06-20,"airtable:Tormod, the Desecrator"
5b46b8d8-723a-4752-b97d-29ef83bd294c,mtg,MH2,246,Drossforge Bridge,LP,normal,en,3,9460.5,2026-06-20,[CHECK] cost $9460.50 >> market $1.00 (verify) | airtable:Drossforge Bridge
3fdd9981-bb5e-450d-90c3-4405a7097939,mtg,7ED,105,Tolarian Winds,MP,normal,en,1,0.0946,2026-06-20,airtable:Tolarian Winds
33b9cd6c-d75c-4905-aa38-ff03a9c4b398,mtg,OTJ,173,Outcaster Trailblazer,NM,normal,en,1,0.0946,2026-06-20,airtable:Outcaster Trailblazer
e9091667-d5a8-4978-9023-032ff65f9642,mtg,TMP,201,Searing Touch,LP,normal,en,6,0.0946,2026-06-20,airtable:Searing Touch
301f13dd-39b8-4a93-9c05-3dc4fa1f1c75,mtg,WWK,90,Searing Blaze,LP,normal,en,2,0.0946,2026-06-20,airtable:Searing Blaze
97b34ce8-1eb2-44eb-813a-09d0308e27a0,mtg,VIS,109,Katabatic Winds,MP,normal,en,1,0.0946,2026-06-20,airtable:Katabatic Winds
8cbab1d1-25cb-456f-8d1c-3d64eb7265ea,mtg,DSC,73,Ponder,LP,normal,en,1,0.0946,2026-06-20,airtable:Ponder
afa4c889-0577-4173-9f85-42a7bf675aaf,mtg,VOC,84,Darksteel Mutation,NM,normal,en,1,0.0946,2026-06-20,airtable:Darksteel Mutation
0bb91a22-2040-4a37-85f8-5f22de8c5907,mtg,MKM,208,Insidious Roots,LP,normal,en,1,0.0946,2026-06-20,airtable:Insidious Roots
b43c6172-2400-4038-8b8b-c62f2fbfce39,mtg,JUD,72,Stitch Together,HP,normal,en,1,0.0946,2026-06-20,airtable:Stitch Together
2255d1e4-f387-4187-8c10-7d0009f6ec79,mtg,CLB,295,Thrakkus the Butcher,NM,foil,en,1,0.0946,2026-06-20,airtable:Thrakkus the Butcher
a86f3cb2-7822-4c19-bd84-cea177e5b6e9,mtg,LCI,16,Guardian of the Great Door,LP,foil,en,1,0.0946,2026-06-20,airtable:Gnome // Gnome Soldier Double-Sided Token
89396f5e-5bc3-4c8a-976b-2cb2946eb35d,mtg,DMR,4,Congregate,LP,normal,en,1,0.0946,2026-06-20,airtable:Marit Lage Token
858aa831-b491-4f1e-bb56-33eeca14771d,mtg,DGM,34,Possibility Storm,LP,normal,en,1,0.0946,2026-06-20,airtable:Possibility Storm
42352,pokemon,BS,012/102,Ninetales,MP,holo,en,1,20.4,2026-06-14,airtable:Ninetales
d169a3b2-18ae-4414-98ef-d879676fdcc0,mtg,DGM,135,Wear // Tear,LP,normal,en,2,0.0946,2026-06-20,airtable:Wear // Tear
4cc785b0-0a77-4b02-b0b4-2bda2fc621cc,mtg,RAV,60,Muddle the Mixture,MP,normal,en,1,0.0946,2026-06-20,airtable:Muddle the Mixture
9a47999c-12d5-4e1a-a9c1-40a1757007f1,mtg,MOM,173,Wrenn's Resolve,MP,normal,en,2,0.0946,2026-06-20,airtable:Wrenn's Resolve
c912e984-1d27-4da2-9733-d56e437bcf58,mtg,CLB,193,Reckless Barbarian,LP,foil,en,1,0.0946,2026-06-20,airtable:Reckless Barbarian
ac2da0e8-cdc5-4ffc-8a5e-893c34b7dd45,mtg,BRC,8,March of Progress,LP,normal,en,1,0.0946,2026-06-20,airtable:March of Progress Retro Frame
6ac6fa0c-753e-4fbc-8a70-0f956503cf4e,mtg,ICE,166,Stromgald Cabal,HP,normal,en,1,0.0946,2026-06-20,airtable:Stromgald Cabal
2a6240e7-d3aa-40e9-a627-58e7bf62525c,mtg,DKA,149,Grafdigger's Cage,HP,normal,en,1,0.0946,2026-06-20,airtable:Grafdigger's Cage
ce15bf1d-debf-4e0f-a69d-a57619d4b0ee,mtg,FIN,348,"Sin, Spira's Punishment",NM,foil,en,1,0.0946,2026-06-20,"airtable:Sin, Spira's Punishment Borderless"
7208fcb8-83e6-44ce-af9a-ca1566825018,mtg,AVR,209,"Gisela, Blade of Goldnight",LP,normal,en,1,0.0946,2026-06-20,"airtable:Gisela, Blade of Goldnight"
c4e90bfb-d9a5-48a9-9ff9-b0f50a813eee,mtg,TDM,260,Maelstrom of the Spirit Dragon,NM,normal,en,1,0.0946,2026-06-20,airtable:Maelstrom of the Spirit Dragon
e3abbec4-202d-47ee-9472-b41d41f75372,mtg,MMA,121,Lava Spike,LP,normal,en,3,0.0946,2026-06-20,airtable:Lava Spike
caafe7da-0167-4c53-bbad-172f900d137b,mtg,USG,166,Victimize,MP,normal,en,1,0.0946,2026-06-20,airtable:Victimize
3132c128-e0bd-4524-9526-914b3c7181fc,mtg,STH,61,Lab Rats,LP,normal,en,1,0.0946,2026-06-20,airtable:Lab Rats
84505a4e-5715-4731-9831-0107ff79ae05,mtg,SLD,615,Sidewinder Sliver,DMG,foil,en,1,0.0946,2026-06-20,airtable:Sidewinder Sliver
7b4b3918-94f7-4981-9702-f01970fac37c,mtg,CMM,68,Wakening Sun's Avatar,LP,normal,en,1,0.0946,2026-06-20,airtable:Sliver Army // Sliver Double-Sided Token
25f98f02-9ada-4561-93fd-9cfcb0f48b5d,mtg,EMA,143,Pyrokinesis,MP,normal,en,1,0.0946,2026-06-20,airtable:Pyrokinesis
8d49825c-8264-40a5-9afc-c2601f95ec26,mtg,FIC,103,Cloud's Limit Break,NM,foil,en,1,0.0946,2026-06-20,airtable:Cloud's Limit Break Extended Art
c8265c39-d287-4c5a-baba-f2f09dd80a1c,mtg,CHK,131,Nezumi Shortfang // Stabwhisker the Odious,LP,normal,en,1,0.0946,2026-06-20,airtable:Nezumi Shortfang // Stabwhisker the Odious
ea96eeac-c316-4247-a81f-0ddf52675ebf,mtg,OTJ,18,Lassoed by the Law,MP,foil,en,1,0.0946,2026-06-20,airtable:Treasure // Zombie Rogue Double-Sided Token
8f7f06e8-d8ee-435c-965c-8e1302a8ec10,mtg,FUT,169,Dakmor Salvage,LP,normal,en,1,0.0946,2026-06-20,airtable:Dakmor Salvage
246762,pokemon,SWSH07,058/203,Dracozolt V,NM,holo,en,1,28.3762,2026-06-23,airtable:Draconozolt V
27907985-b5f6-4098-ab43-15a0c2bf94d5,mtg,EMN,15,"Bruna, the Fading Light",LP,normal,en,1,0.0946,2026-06-20,"airtable:Bruna, the Fading Light"
583d7386-3eb5-4f1d-8da9-f00e020a307b,mtg,SOM,211,Throne of Geth,HP,normal,en,1,0.0946,2026-06-20,airtable:Throne of Geth
b870c742-e799-4276-bb3d-f2c288ce0db8,mtg,KHC,53,Prowess of the Fair,LP,normal,en,1,0.0946,2026-06-20,airtable:Prowess of the Fair
905d3e02-ea06-45e7-9adb-c8e7583323a2,mtg,FDN,7,Crystal Barricade,NM,normal,en,1,0.0946,2026-06-20,airtable:Crystal Barricade
799ed076-4724-47bb-94a0-11b42a9826eb,mtg,M13,14,Faith's Reward,MP,normal,en,1,0.0946,2026-06-20,airtable:Faith's Reward
121204,pokemon,STS,75/114,Magearna EX,NM,holo,en,1,3.074,2025-11-23,airtable:Magearna EX
98f3be88-24e2-433f-9138-f0cb59d09a0f,mtg,WAR,94,Kaya's Ghostform,LP,normal,en,1,0.0946,2026-06-20,airtable:Kaya's Ghostform
7e84bb94-d654-4d69-89d9-0a398a940125,mtg,TMP,120,Dauthi Embrace,LP,normal,en,1,0.0946,2026-06-20,airtable:Dauthi Embrace
20be9bf7-9169-4f3f-b6bd-00eec0994c8f,mtg,PLST,C17-92,Sea Gate Oracle,LP,normal,en,1,0.0946,2026-06-20,airtable:Sea Gate
bae6a5fb-39f5-4cf8-85f7-661cb4570507,mtg,AFR,164,Unexpected Windfall,LP,normal,en,1,0.0946,2026-06-20,airtable:Unexpected Windfall
684431,pokemon,POR,050/088,Gengar,NM,holo,en,1,28.3762,2026-06-23,airtable:Gengar
684431,pokemon,POR,050/088,Gengar,NM,holo,en,1,28.3762,2026-06-23,airtable:Gengar
99bf943d-497a-4720-8be0-4bc2cd7642ee,mtg,M11,77,Traumatize,HP,normal,en,1,0.0946,2026-06-20,airtable:Traumatize
07b06421-778a-4d23-862b-30fc5fa25928,mtg,C17,53,Herald's Horn,LP,normal,en,1,0.0946,2026-06-20,airtable:Herald's Horn
303ad78a-b02a-44dc-afe6-7f95781a5062,mtg,VOW,164,Kessig Flamebreather,NM,foil,en,1,0.0946,2026-06-20,airtable:Kessig Flamebreather
952e4e6b-fe74-4f3c-95d1-8e043f72072c,mtg,CLB,105,Wizards of Thay,LP,normal,en,1,0.0946,2026-06-20,airtable:Wizards of Thay
9d78dcd4-c64c-4d10-91e2-432d24e801d4,mtg,SLD,517,"Jiang Yanggu, Wildcrafter",NM,foil,en,1,0.0946,2026-06-20,"airtable:Jiang Yanggu, Wildcrafter"
eb7b9762-740b-4c1c-a411-20dbf023aea5,mtg,CLB,842,Drown in the Loch,NM,normal,en,2,0.0946,2026-06-20,airtable:Drown in the Loch
cfe19e16-33f6-4594-9dd3-2699a66ba0e8,mtg,C13,150,Hunted Troll,MP,normal,en,1,0.0946,2026-06-20,airtable:Thundermaw Hellkite
138609,pokemon,SM03,142/147,Acerola (Full Art),NM,holo,en,1,43.497,2024-12-30,airtable:Acerola Full Art
138609,pokemon,SM03,142/147,Acerola (Full Art),NM,holo,en,1,37.32,2024-12-30,airtable:Acerola Full Art
c94b37df-aaa5-4981-be3b-c934a7971123,mtg,INR,64,Essence Flux,LP,normal,en,1,0.0946,2026-06-20,airtable:Essence Flux
87400,pokemon,HP,111/110,Mew,NM,holo,en,1,97.93,2025-11-30,airtable:Mew
3ceb13f4-ac9e-4ddd-9170-545f8d37b87a,mtg,OTC,13,Arcane Heist,LP,normal,en,2,0.0946,2026-06-20,airtable:Dragon Elemental // Treasure Double-Sided Token
b2364119-d764-4ef1-86cf-a0b7a5ae1b38,mtg,VOC,111,Reconnaissance Mission,LP,normal,en,1,0.0946,2026-06-20,airtable:Reconnaissance Mission
b14eaeec-d7ce-462a-90d3-2ae5ff605fdb,mtg,LTR,240,Horn of Gondor,MP,normal,en,1,0.0946,2026-06-20,airtable:Horn of Gondor
1b59533a-3e38-495d-873e-2f89fbd08494,mtg,C13,259,Sol Ring,HP,normal,en,1,0.0946,2026-06-20,airtable:Sol Ring
57ef531e-2a8f-4d40-b509-92e3a86b2257,mtg,NEO,298,Swamp,LP,foil,en,1,0.0946,2026-06-20,airtable:Swamp
1ae84b5c-d3ad-48a3-9ccc-1dd76cee392c,mtg,C18,225,Swiftfoot Boots,LP,normal,en,1,0.0946,2026-06-20,airtable:Swiftfoot Boots
1b32bae4-65e4-4bdb-8bc5-b98a5aac1568,mtg,CLB,236,Jade Orb of Dragonkind,LP,foil,en,1,0.0946,2026-06-20,airtable:Jade Orb of Dragonkind
8d1ec351-5e70-4eb2-b590-6bff94ef8178,mtg,FDN,79,Boltwave,LP,normal,en,1,0.0946,2026-06-20,airtable:Boltwave
dda6b4d0-1b60-46b0-b321-b9ffe15afff4,mtg,FIN,200,Sazh's Chocobo,LP,foil,en,1,0.0946,2026-06-20,airtable:Sazh's Chocobo
4d3cafdd-a03b-4b08-b9c1-c776f8450d3a,mtg,FEM,44,Thrull Champion,HP,normal,en,3,0.0946,2026-06-20,airtable:Thrull Champion
8f59620f-ff9e-44d8-9c4e-be9de1a919e8,mtg,ICE,130,Hecatomb,MP,normal,en,1,0.0946,2026-06-20,airtable:Hecatomb
7a35de4b-5d98-4034-acc9-f38dc8c8f7d6,mtg,OTC,15,Lock and Load,MP,normal,en,1,0.0946,2026-06-20,airtable:Lock and Load
786a3daa-41a6-4cf3-97bc-c59e1c7cd674,mtg,FCA,52,"Inalla, Archmage Ritualist",LP,normal,en,1,0.0946,2026-06-20,"airtable:Kuja, Mage Manufacturer - Inalla, Archmage Ritualist Showcase"
f0ca02f6-964a-427c-8978-17abae3322e1,mtg,S99,153,Wood Elves,LP,normal,en,1,0.0946,2026-06-20,airtable:Wood Elves
a201d1bc-e3fe-4f59-bd48-3683996ac308,mtg,MH3,107,Ripples of Undeath,HP,normal,en,1,0.0946,2026-06-20,airtable:Ripples of Undeath
ccd3afb3-5574-4f2d-adbe-969a428f1c63,mtg,ICE,379,Snow-Covered Mountain,HP,normal,en,1,0.0946,2026-06-20,airtable:Snow-Covered Mountain
e8661e0a-faf8-4c16-b988-55622707de6f,mtg,3ED,258,Jayemdae Tome,MP,normal,en,1,0.0946,2026-06-20,airtable:Jayemdae Tome
dda08eb5-c75c-4c21-bfd1-1f04a3575241,mtg,TMP,143,Maddening Imp,LP,normal,en,1,0.0946,2026-06-20,airtable:Maddening Imp
6b49918f-693b-46b4-aaa4-e2a1d650293d,mtg,PLST,EMN-55,Displace,LP,normal,en,1,0.0946,2026-06-20,airtable:Displace
90701,pokemon,PR,XY08,Yveltal EX,LP,holo,en,1,3.074,2025-11-23,airtable:Yveltal EX
124035,pokemon,EVO,22/108,M Blastoise EX,NM,holo,en,1,25.5778,2025-11-23,airtable:M Blastoise EX
e4855db6-570c-4845-9074-a9df7611307a,mtg,4ED,162,Sorceress Queen,HP,normal,en,1,0.0946,2026-06-20,airtable:Sorceress Queen
7ec60f51-9845-4b5c-a920-c1bd22e0e7b5,mtg,MUL,155,"Zada, Hedron Grinder",MP,foil,en,1,0.0946,2026-06-20,"airtable:Zada, Hedron Grinder"
1959f078-4b7b-4df2-a256-d43b2d97e853,mtg,DDS,10,Snap,LP,normal,en,1,0.0946,2026-06-20,airtable:Snap
701bd623-3100-44dc-adec-53fa3a95ab19,mtg,LCI,176,Bedrock Tortoise,LP,normal,en,1,0.0946,2026-06-20,airtable:Bedrock Tortoise
90934b70-d4af-4a3e-81b4-c3f202b12f31,mtg,ZNC,112,Dimir Signet,NM,normal,en,1,0.0946,2026-06-20,airtable:Dimir Signet
90954848-af7e-47b3-82e7-9fedde6ad606,mtg,TMP,204,Shocker,MP,normal,en,1,0.0946,2026-06-20,airtable:Shocker
5cad8671-4761-4014-a8a3-af45627e6e79,mtg,MH3,209,Disruptor Flute,LP,normal,en,1,0.0946,2026-06-20,airtable:Disruptor Flute
neo3-3,pokemon,neo3,3,Celebi,LP,holo,en,1,28.514,2026-06-23,airtable:Celebi
32126592-a988-4171-b52e-cca80b881aff,mtg,OTC,27,Elemental Eruption,NM,normal,en,1,0.0946,2026-06-20,airtable:Elemental Eruption
1eb21318-d32e-4724-8908-c0d7613de2f4,mtg,MKM,177,Slime Against Humanity,LP,normal,en,1,0.0946,2026-06-20,airtable:Slime Against Humanity
2013aed6-7415-4bf0-a3bb-46d6beecbaff,mtg,SOM,67,Ichor Rats,LP,normal,en,1,0.0946,2026-06-20,airtable:Ichor Rats
28333138-60bc-459b-a0cd-1b7fd19c89cd,mtg,TMP,7,Avenging Angel,LP,normal,en,1,0.0946,2026-06-20,airtable:Avenging Angel
35d78f4e-d95d-49bc-9971-06a68a4e35fd,mtg,VIS,122,Summer Bloom,LP,normal,en,1,0.0946,2026-06-20,airtable:Summer Bloom
78b384d3-3adf-493a-8b89-bfe68fd1c3e2,mtg,VIS,49,Vision Charm,LP,normal,en,2,0.0946,2026-06-20,airtable:Vision Charm
e030d2eb-70c5-4ff7-8f03-ad5495cf9c69,mtg,MMQ,224,War Cadence,LP,normal,en,1,0.0946,2026-06-20,airtable:War Cadence
96e30d22-da86-49a1-a319-22e8a909d443,mtg,4ED,281,Verduran Enchantress,LP,normal,en,1,0.0946,2026-06-20,airtable:Verduran Enchantress
6943c07f-ab0d-4f5a-bbe9-c0a83dc98546,mtg,VOW,174,Reckless Impulse,LP,normal,en,4,0.0946,2026-06-20,airtable:Reckless Impulse
27305aad-f1bd-4895-8611-143bc0250bee,mtg,M21,234,Palladium Myr,NM,normal,en,1,0.0946,2026-06-20,airtable:Palladium Myr
60297593-2438-48d7-9414-48af114a93d2,mtg,ZNC,88,Zendikar's Roil,LP,normal,en,1,0.0946,2026-06-20,airtable:Zendikar's Roil
5d32dfc4-ba8f-4421-b05f-4bf3afd592f7,mtg,STA,95,Sign in Blood,LP,normal,en,2,0.0946,2026-06-20,airtable:Sign in Blood (JP Alternate Art)
120151,pokemon,STS,26/114,Volcanion EX,NM,holo,en,1,3.074,2025-11-23,airtable:Volcanion EX
d59bbac1-ca51-4c72-9f1f-5fc6c82a4a27,mtg,ALL,39,Thought Lash,DMG,normal,en,1,0.0946,2026-06-20,airtable:Thought Lash
32b525ab-5454-44e2-8dc7-ef5ef210f892,mtg,PSUS,6,City of Brass,LP,foil,en,1,530.0,2026-06-21,airtable:City of Brass
84416,pokemon,BCR,137/149,Computer Search,NM,holo,en,1,54.59,2026-02-07,airtable:Computer Search
2cae1d08-5bda-4eeb-8134-bdb62ad6f44e,mtg,SPG,110,Marsh Flats,NM,foil,en,1,60.05,2026-06-16,airtable:Marsh Flats Borderless
neo4-10,pokemon,neo4,10,Dark Typhlosion,LP,holo,en,1,28.3762,2026-06-23,airtable:Dark Typhlosion
89643,pokemon,PR,28/53,Surfing Pikachu,LP,normal,en,1,28.3762,2026-06-23,airtable:Surfing Pikachu
d922754a-37d0-42ec-9f55-134cf4f3bd1d,mtg,C19,246,Geier Reach Sanitarium,NM,normal,en,1,0.0946,2026-06-20,airtable:Geier Reach Sanitarium
aba51852-af8f-49d8-8fb6-22d52a1742b8,mtg,MH2,166,Ignoble Hierarch,MP,normal,en,1,0.0946,2026-06-20,airtable:Ignoble Hierarch
18e2c910-6ada-41f6-b5ea-2dc25167666c,mtg,SLD,1625,"Korvold, Fae-Cursed King",NM,foil,en,1,0.0946,2026-06-20,"airtable:Korvold, Fae-Cursed King"
1ab94f16-778d-4437-a1b9-2f67cd214cc0,mtg,2X2,143,Devoted Druid,LP,normal,en,1,0.0946,2026-06-20,airtable:Devoted Druid
35b06c8f-5f08-43bd-a548-2a98ba30fd41,mtg,AVR,12,Cloudshift,LP,normal,en,1,0.0946,2026-06-20,airtable:Cloudshift
4277ebca-1c8d-4066-969a-28adf6445b3e,mtg,BRC,198,Seat of the Synod,LP,normal,en,1,0.0946,2026-06-20,airtable:Seat of the Synod
88d589b9-2da2-4323-ae9d-086a6d5ab2bf,mtg,C14,60,Flamekin Village,MP,normal,en,1,0.0946,2026-06-20,airtable:Flamekin Village
9e68dcc2-bba4-4efa-97bb-3ed892037595,mtg,OTC,102,Murmuring Mystic,LP,normal,en,2,0.0946,2026-06-20,airtable:Murmuring Mystic
75918859-c93f-41b4-9ad0-a4a96c389f0d,mtg,CMM,284,Elvish Mystic,NM,normal,en,1,0.0946,2026-06-20,airtable:Elvish Mystic
94688,pokemon,PHF,121/119,M Gengar EX (121 Secret Rare),NM,holo,en,1,386.2316,2026-05-09,airtable:M Gengar EX
90311,pokemon,PR,13/53,Venusaur,MP,holo,en,1,28.3762,2026-06-23,airtable:Venusaur
4ae30fa7-3d1d-417f-80d7-a668236cb2c1,mtg,LCI,143,Diamond Pick-Axe,LP,normal,en,1,0.0946,2026-06-20,airtable:Diamond Pick-Axe
62061e7c-cf19-4f03-b8fa-2bdba62d6b0b,mtg,MH3,239,Witch Enchanter // Witch-Blessed Meadow,LP,normal,en,1,0.0946,2026-06-20,airtable:Witch Enchanter
9a47999c-12d5-4e1a-a9c1-40a1757007f1,mtg,MOM,173,Wrenn's Resolve,LP,normal,en,3,0.0946,2026-06-20,airtable:Wrenn's Resolve
201620,pokemon,SM12,259/236,Reshiram & Zekrom GX (Secret),NM,holo,en,1,25.5778,2025-11-23,airtable:Reshiram & Zekrom GX Secret
e8f7af1b-97c9-4954-bb21-1e389fcb6361,mtg,M10,91,Diabolic Tutor,LP,normal,en,1,0.0946,2026-06-20,airtable:Diabolic Tutor
96cc20d1-c3be-4630-b860-49b9fdb6f6c4,mtg,PIP,299,Tainted Isle,NM,normal,en,1,0.0946,2026-06-20,airtable:Tainted Isle
846134c0-5a8d-4ccb-8451-db29b70be3f5,mtg,FUT,100,Haze of Rage,LP,normal,en,1,0.0946,2026-06-20,airtable:Haze of Rage
235896,pokemon,MCAP,096/149,Dragonite - 96/149 (Cosmos Holo),NM,holo,en,1,28.3762,2026-06-23,airtable:Dragonite
1c7c2814-a617-4123-acdf-1b01b2768210,mtg,MH2,143,Strike It Rich,LP,normal,en,2,0.0946,2026-06-20,airtable:Strike It Rich
108609,pokemon,PR,XY79,Latios (Full Art Promo),NM,holo,en,1,98.1694,2026-06-02,airtable:Latios Full Art
7f26f8cd-5b49-4531-b2f4-d529750496b2,mtg,LTC,121,Galadhrim Ambush,DMG,normal,en,1,0.0946,2026-06-20,airtable:Galadhrim Ambush Extended Art
1adce281-4d5a-44d2-8cfa-25f860b015ff,mtg,OTC,5,"Eris, Roar of the Storm",NM,foil,en,1,0.0946,2026-06-20,"airtable:Eris, Roar of the Storm"
91146,pokemon,FLF,13/106,M Charizard EX (Y),NM,holo,en,1,36.97,2026-06-13,airtable:M Charizard EX (Y)
50752ca9-ea85-4c4b-9bf5-4f8759a7dcec,mtg,MID,221,Faithful Mending,LP,normal,en,1,0.0946,2026-06-20,airtable:Faithful Mending
7f79ec90-9fa7-4414-8eba-e2c890a91a70,mtg,CLB,935,Wand of Wonder,LP,foil,en,1,0.0946,2026-06-20,airtable:Wand of Wonder
7a2af4c1-9546-4760-8aac-315b61127304,mtg,VOC,166,Rakdos Signet,NM,normal,en,1,0.0946,2026-06-20,airtable:Rakdos Signet
29cc486f-7800-481f-a2f1-ae3302fcaa55,mtg,RVR,339,Mizzix's Mastery,LP,normal,en,1,0.0946,2026-06-20,airtable:Mizzix's Mastery
e7922b5a-6e75-4910-93ad-37e322073d35,mtg,FIN,513,"Ultimecia, Time Sorceress // Ultimecia, Omnipotent",LP,normal,en,1,0.0946,2026-06-20,"airtable:Ultimecia, Time Sorceress Extended Art"
fa96b8dc-233a-4884-ab84-235cbc7df0b6,mtg,STX,115,Storm-Kiln Artist,LP,foil,en,1,0.0946,2026-06-20,airtable:Storm-Kiln Artist
e9df9c5e-7087-42b2-9001-c89d40a66c68,mtg,ORI,90,Dark Petition,LP,normal,en,1,0.0946,2026-06-20,airtable:Dark Petition
f6589e02-8c84-4069-88d1-ebcc8520cae1,mtg,CLB,4,Archivist of Oghma,MP,normal,en,1,0.0946,2026-06-20,airtable:Archivist of Oghma
ec0686ba-1277-4412-a397-7a6227808311,mtg,ATQ,72,The Rack,DMG,normal,en,1,0.0946,2026-06-20,airtable:The Rack
f203ce7d-a079-44b8-bfda-4c63ec79b82d,mtg,ACR,82,Reconnaissance,LP,normal,en,1,0.0946,2026-06-20,airtable:Reconnaissance
b1eb5b2c-1f02-48a6-a287-88eb189d6780,mtg,VIS,79,Fireblast,LP,normal,en,3,0.0946,2026-06-20,airtable:Fireblast
d85954b4-306e-46d3-b913-240e16acdcac,mtg,3ED,37,Righteousness,LP,normal,en,1,0.0946,2026-06-20,airtable:Righteousness
9954b9bb-21e7-40af-aaa7-b2001b8d1d45,mtg,ELD,387,Castle Embereth,LP,normal,en,1,0.0946,2026-06-20,airtable:Castle Embereth Extended Art
84470,pokemon,BCR,67/149,Cresselia EX,NM,holo,en,1,54.59,2026-02-07,airtable:Cresselia EX
21e34888-f57c-4f5d-bb5c-b82be980d145,mtg,CLB,203,Two-Handed Axe // Sweeping Cleave,NM,normal,en,1,0.0946,2026-06-20,airtable:Two-Handed Axe
108589,pokemon,MCAP,1,Ancient Mew,NM,holo,en,1,28.3762,2026-06-23,airtable:Ancient Mew International Edition
38807f17-1cf2-4736-ad10-df6c8b1a9f55,mtg,KHC,76,Timberwatch Elf,LP,normal,en,1,0.0946,2026-06-20,airtable:Timberwatch Elf
base4-3,pokemon,base4,3,Chansey,LP,holo,en,1,28.3762,2026-06-23,airtable:Chansey
b7033d2f-45be-42bc-830a-dc3b5b27c366,mtg,CHR,8,Ivory Guardians,LP,normal,en,1,0.0946,2026-06-20,airtable:Ivory Guardians
494e68e9-ecba-4482-82bc-207ad59144c1,mtg,FIN,30,Restoration Magic,LP,normal,en,1,0.0946,2026-06-20,airtable:Restoration Magic
8ee63809-729b-48b1-a06d-3edc2a26208f,mtg,WOT,63,Utopia Sprawl,LP,normal,en,1,0.0946,2026-06-20,airtable:Utopia Sprawl
6b92b751-6162-4293-953b-ec7190309a6a,mtg,CMR,712,Terramorphic Expanse,NM,normal,en,1,0.0946,2026-06-20,airtable:Terramorphic Expanse
228c1650-da3c-4099-91b6-18e3873c9cdb,mtg,ZNR,4,Archon of Emeria,NM,normal,en,1,0.0946,2026-06-20,airtable:Archon of Emeria
33940107-e210-4334-a409-48ab591af2ec,mtg,PLST,CM2-203,Myr Retriever,NM,normal,en,1,0.0946,2026-06-20,airtable:Myr Retriever
197823,pokemon,HIF:SV,SV69/SV94,Umbreon GX,NM,holo,en,1,222.6,2026-06-17,airtable:Umbreon GX
6072d9b0-d3c7-46f4-bd24-095bb13c4dea,mtg,ELD,10,Deafening Silence,LP,normal,en,3,0.0946,2026-06-20,airtable:Deafening Silence
98098,pokemon,ROS,62/108,Hydreigon EX,LP,holo,en,1,3.074,2025-11-23,airtable:Hydreigon EX
5feba5d6-99a6-4e9b-8a7d-90d955868fc3,mtg,MH3,145,Basking Broodscale,LP,foil,en,1,0.0946,2026-06-20,airtable:Basking Broodscale
5f7687b1-630a-4e95-89c7-eaf456d8cb68,mtg,DSK,202,"Tyvar, the Pummeler",LP,normal,en,1,0.0946,2026-06-20,"airtable:Tyvar, the Pummeler"
